1;Bl. Devore ML - Tokyo;Blusa Devore Bicolor Manga Longa - Tokyo;Manga e Costa nas cores: Preto, Cinza, Coral|Tamanho: P, M, G;19;0;IMG105.jpg;0
1;Bl. Devore ML - Tigre Branco;Blusa Devore Bicolor Manga Longa - Tigre Branco;Manga e Costa nas cores: Preto, Cinza, Coral|Tamanho: P, M, G;19;0;IMG106.jpg;0
1;Bl. Devore ML - Onça;Blusa Devore Bicolor Manga Longa - Onça;Manga e Costa nas cores: Preto, Cinza, Coral|Tamanho: P, M, G;19;0;IMG107.jpg;0
1;Bl. Devore ML - Love;Blusa Devore Bicolor Manga Longa - Love;Manga e Costa nas cores: Preto, Cinza, Coral|Tamanho: P, M, G;19;0;IMG109.jpg;0
1;Bl. Devore ML - Sapatilha;Blusa Devore Bicolor Manga Longa - Sapatilha de Bandeiras;Manga e Costa nas cores: Preto, Cinza, Coral|Tamanho: P, M, G;19;0;IMG110.jpg;0
1;Bl. Devore ML - Tigre;Blusa Devore Bicolor Manga Longa - Tigre;Manga e Costa nas cores: Preto, Cinza, Coral|Tamanho: P, M, G;19;0;IMG112.jpg;0
1;Cropped Devore ML - Salto;Blusa Cropped Devore Bicolor Manga Longa - Salto c/ spike;Manga e Costa nas cores: Preto, Cinza, Bege|Tamanho: P, M, G;18;0;IMG113.jpg;0
1;Cropped Devore ML - Carteiras;Blusa Cropped Devore Bicolor Manga Longa - Carteiras;Manga e Costa nas cores: Preto, Cinza, Bege|Tamanho: P, M, G;18;0;IMG114.jpg;0
1;Cropped Devore ML - Cachorro;Blusa Cropped Devore Bicolor Manga Longa - Cachorro c/ rosa;Manga e Costa nas cores: Preto, Cinza, Bege|Tamanho: P, M, G;18;0;IMG115.jpg;0
1;Bl. Mullet ML Viscolicra;Blusa Mullet Manga Longa Viscolicra de pedraria - Cruz;Cores: Preto cru, Branco|Tamanho: P, M, G;25;0;IMG116.jpg;0
1;Bl. ML Viscolicra - Salto;Blusa Manga Longa Bicolor Viscolicra - Salto com listra;Manga e Costa nas cores: Preto, Branco, Caqui e Cinza mescla|Tamanho: P, M, G;15;0;IMG118.jpg;0
1;Bl. ML Viscolicra - Carteira;Blusa Manga Longa Bicolor Viscolicra - Carteira de Onça;Manga e Costa nas cores: Preto, Branco, Caqui e Cinza mescla|Tamanho: P, M, G;15;0;IMG119.jpg;0
1;Bl. ML Viscolicra - JD;Blusa Manga Longa Bicolor Viscolicra - Jack Daniel's;Manga e Costa nas cores: Preto, Branco, Caqui e Cinza mescla|Tamanho: P, M, G;15;0;IMG120.jpg;0
1;Bl. ML Viscolicra - Bolsa;Blusa Manga Longa Bicolor Viscolicra - Bolsa com Listra;Manga e Costa nas cores: Preto, Branco, Caqui e Cinza mescla|Tamanho: P, M, G;15;0;IMG121.jpg;0
1;Bl. ML Viscolicra - Keep Calm;Blusa Manga Longa Bicolor Viscolicra - Keep Calm;Manga e Costa nas cores: Preto, Branco, Caqui e Cinza mescla|Tamanho: P, M, G;15;0;IMG122.jpg;0
